set,n,metric,mean,sd,note
A@960,14,luma_mean,0.25440,0.25455,
A@960,14,luma_median,0.19880,0.29473,
A@960,14,black_lt006,0.37594,0.21552,
A@960,14,highlight_gt075,0.16756,0.30871,
A@960,14,sat_mean,0.22211,0.10265,
A@960,14,sat_median,0.17814,0.12803,
A@960,14,sat_mean_lit,0.27712,0.13826,
A@960,14,frac_v_gt015,0.42901,0.27148,
A@960,14,chromatic_frac,0.25710,0.17581,
A@960,14,hue_R,0.83352,0.13792,
A@960,14,hue_entropy_bits,5.33349,1.01207,
A@960,14,signal_pm25_frac,0.85279,0.11699,
A@960,14,distinct_5bit,2961.78571,1679.90088,
A@960,14,top1_share,0.27634,0.16396,
A@960,14,top6_share,0.55233,0.16757,
A@960,14,n_hue_lobes_chromatic10,1.42857,0.51355,
A@960,14,n_hue_families_area2,1.64286,1.21574,
A@960,14,sat_mean_chromatic,0.49740,0.10990,
A@960,14,in_palette_frac,0.86626,0.07779,
A@960,14,palette_min_dist_mean,0.06663,0.02198,
A@960,14,edge_mean,0.02633,0.01067,
A@960,14,edge_frac_gt005,0.15145,0.08980,
A@960,14,edge_frac_gt010,0.07507,0.04078,
A@960,14,empty_frac,0.43259,0.18839,
A@960,14,edge_mean_norm,0.01668,0.00759,
A@960,14,edge_frac_norm_gt010,0.03435,0.02372,
A@960,14,local_std_frac_gt005,0.15034,0.10345,
A@960,14,flat_frac_norm,0.61093,0.19103,
A@960,14,n_components,110.71429,99.86793,
A@960,14,component_ink_frac,0.03169,0.02159,
A@960,14,n_components_fine,223.92857,210.69755,
A@960,14,median_component_area_frac,0.00004,0.00002,
A@960,14,colour_drift_TV,0.60874,0.21102,
A@960,14,pooled_hue_R,0.85091,,
A@960,14,hue_spread_deg,5.33591,,
A@960,14,pooled_hue_lobes,,,15deg:79%;345deg:9%;45deg:4%
A@960,14,hue_drift_deg,6.93961,4.42013,
A_demo@960,4,luma_mean,0.35815,0.20059,
A_demo@960,4,luma_median,0.35736,0.27237,
A_demo@960,4,black_lt006,0.23151,0.40913,
A_demo@960,4,highlight_gt075,0.14969,0.19930,
A_demo@960,4,sat_mean,0.44455,0.10273,
A_demo@960,4,sat_median,0.45851,0.15301,
A_demo@960,4,sat_mean_lit,0.32595,0.13686,
A_demo@960,4,frac_v_gt015,0.75525,0.41543,
A_demo@960,4,chromatic_frac,0.82371,0.12608,
A_demo@960,4,hue_R,0.81020,0.16719,
A_demo@960,4,hue_entropy_bits,4.78752,2.16404,
A_demo@960,4,signal_pm25_frac,0.19471,0.29944,
A_demo@960,4,distinct_5bit,2267.25000,1249.98010,
A_demo@960,4,top1_share,0.19018,0.22061,
A_demo@960,4,top6_share,0.40345,0.30921,
A_demo@960,4,n_hue_lobes_chromatic10,2.00000,0.81650,
A_demo@960,4,n_hue_families_area2,3.75000,2.21736,
A_demo@960,4,sat_mean_chromatic,0.49046,0.09981,
A_demo@960,4,in_palette_frac,0.48037,0.33490,
A_demo@960,4,palette_min_dist_mean,0.15996,0.06884,
A_demo@960,4,edge_mean,0.02373,0.00235,
A_demo@960,4,edge_frac_gt005,0.11130,0.01962,
A_demo@960,4,edge_frac_gt010,0.07364,0.01626,
A_demo@960,4,empty_frac,0.31602,0.32063,
A_demo@960,4,edge_mean_norm,0.01627,0.00169,
A_demo@960,4,edge_frac_norm_gt010,0.04376,0.01611,
A_demo@960,4,local_std_frac_gt005,0.14610,0.01323,
A_demo@960,4,flat_frac_norm,0.65377,0.03923,
A_demo@960,4,n_components,74.75000,13.04799,
A_demo@960,4,component_ink_frac,0.04148,0.01656,
A_demo@960,4,n_components_fine,150.75000,48.34856,
A_demo@960,4,median_component_area_frac,0.00007,0.00003,
A_demo@960,4,colour_drift_TV,0.91906,0.04815,
A_demo@960,4,pooled_hue_R,0.73225,,
A_demo@960,4,hue_spread_deg,34.65202,,
A_demo@960,4,pooled_hue_lobes,,,255deg:63%;15deg:15%;285deg:9%
A_demo@960,4,hue_drift_deg,61.91367,34.98524,
B@960,19,luma_mean,0.05441,0.03404,
B@960,19,luma_median,0.03848,0.03324,
B@960,19,black_lt006,0.68623,0.32293,
B@960,19,highlight_gt075,0.00291,0.00301,
B@960,19,sat_mean,0.49974,0.19126,
B@960,19,sat_median,0.48467,0.21274,
B@960,19,sat_mean_lit,0.27428,0.08858,
B@960,19,frac_v_gt015,0.07286,0.06704,
B@960,19,chromatic_frac,0.11863,0.10385,
B@960,19,hue_R,0.83507,0.15945,
B@960,19,hue_entropy_bits,4.82169,1.50358,
B@960,19,signal_pm25_frac,0.28340,0.36681,
B@960,19,distinct_5bit,1115.00000,1082.69217,
B@960,19,top1_share,0.43388,0.22748,
B@960,19,top6_share,0.84608,0.12599,
B@960,19,n_hue_lobes_chromatic10,2.26316,1.19453,
B@960,19,n_hue_families_area2,1.21053,1.13426,
B@960,19,sat_mean_chromatic,0.40278,0.06268,
B@960,19,in_palette_frac,0.97103,0.02834,
B@960,19,palette_min_dist_mean,0.04686,0.01241,
B@960,19,edge_mean,0.00913,0.00557,
B@960,19,edge_frac_gt005,0.04455,0.03092,
B@960,19,edge_frac_gt010,0.01946,0.01053,
B@960,19,empty_frac,0.67716,0.16428,
B@960,19,edge_mean_norm,0.01196,0.00705,
B@960,19,edge_frac_norm_gt010,0.02487,0.01427,
B@960,19,local_std_frac_gt005,0.09909,0.06972,
B@960,19,flat_frac_norm,0.71794,0.19797,
B@960,19,n_components,94.15789,78.43558,
B@960,19,component_ink_frac,0.02266,0.01366,
B@960,19,n_components_fine,200.21053,168.61316,
B@960,19,median_component_area_frac,0.00006,0.00004,
B@960,19,colour_drift_TV,0.54704,0.29703,
B@960,19,pooled_hue_R,0.41557,,
B@960,19,hue_spread_deg,69.06443,,
B@960,19,pooled_hue_lobes,,,225deg:31%;15deg:30%;285deg:13%
B@960,19,hue_drift_deg,36.16761,38.98181,
B_stills@960,125,luma_mean,0.09040,0.08804,
B_stills@960,125,luma_median,0.06454,0.07719,
B_stills@960,125,black_lt006,0.62058,0.33586,
B_stills@960,125,highlight_gt075,0.00592,0.01029,
B_stills@960,125,sat_mean,0.40327,0.15781,
B_stills@960,125,sat_median,0.39893,0.17801,
B_stills@960,125,sat_mean_lit,0.27156,0.11403,
B_stills@960,125,frac_v_gt015,0.23371,0.32851,
B_stills@960,125,chromatic_frac,0.16034,0.12814,
B_stills@960,125,hue_R,0.76542,0.21352,
B_stills@960,125,hue_entropy_bits,5.19225,1.73261,
B_stills@960,125,signal_pm25_frac,0.28650,0.33736,
B_stills@960,125,distinct_5bit,2209.39200,2426.94935,
B_stills@960,125,top1_share,0.39723,0.19141,
B_stills@960,125,top6_share,0.79176,0.16412,
B_stills@960,125,n_hue_lobes_chromatic10,2.36000,0.81715,
B_stills@960,125,n_hue_families_area2,1.73600,1.42639,
B_stills@960,125,sat_mean_chromatic,0.39615,0.07728,
B_stills@960,125,in_palette_frac,0.90094,0.17580,
B_stills@960,125,palette_min_dist_mean,0.06226,0.03927,
B_stills@960,125,edge_mean,0.01166,0.00920,
B_stills@960,125,edge_frac_gt005,0.06872,0.07060,
B_stills@960,125,edge_frac_gt010,0.02618,0.03122,
B_stills@960,125,empty_frac,0.62228,0.17836,
B_stills@960,125,edge_mean_norm,0.01416,0.00815,
B_stills@960,125,edge_frac_norm_gt010,0.02967,0.02170,
B_stills@960,125,local_std_frac_gt005,0.12541,0.09819,
B_stills@960,125,flat_frac_norm,0.64837,0.20624,
B_stills@960,125,n_components,125.69600,134.96393,
B_stills@960,125,component_ink_frac,0.02708,0.01963,
B_stills@960,125,n_components_fine,261.51200,294.25948,
B_stills@960,125,median_component_area_frac,0.00006,0.00004,
B_stills@960,125,colour_drift_TV,0.33848,0.33803,
B_stills@960,125,pooled_hue_R,0.50490,,
B_stills@960,125,hue_spread_deg,56.50962,,
B_stills@960,125,pooled_hue_lobes,,,255deg:33%;15deg:19%;285deg:12%
B_stills@960,125,hue_drift_deg,23.36266,36.73751,
A@native,14,luma_mean,0.25440,0.25454,
A@native,14,luma_median,0.19634,0.29540,
A@native,14,black_lt006,0.37580,0.21491,
A@native,14,highlight_gt075,0.16972,0.31146,
A@native,14,sat_mean,0.22431,0.10406,
A@native,14,sat_median,0.18065,0.12992,
A@native,14,sat_mean_lit,0.28082,0.13803,
A@native,14,frac_v_gt015,0.42306,0.27134,
A@native,14,chromatic_frac,0.26147,0.17817,
A@native,14,hue_R,0.82331,0.14109,
A@native,14,hue_entropy_bits,5.27750,0.93878,
A@native,14,signal_pm25_frac,0.84437,0.11939,
A@native,14,distinct_5bit,4795.64286,2972.93286,
A@native,14,top1_share,0.27342,0.15508,
A@native,14,top6_share,0.55287,0.16779,
A@native,14,n_hue_lobes_chromatic10,1.35714,0.49725,
A@native,14,n_hue_families_area2,1.64286,1.21574,
A@native,14,sat_mean_chromatic,0.50266,0.10852,
A@native,14,in_palette_frac,0.87040,0.08010,
A@native,14,palette_min_dist_mean,0.06579,0.02221,
A@native,14,edge_mean,0.02359,0.00953,
A@native,14,edge_frac_gt005,0.12817,0.07867,
A@native,14,edge_frac_gt010,0.06538,0.03881,
A@native,14,empty_frac,0.43757,0.18219,
A@native,14,edge_mean_norm,0.01663,0.00694,
A@native,14,edge_frac_norm_gt010,0.03639,0.02262,
A@native,14,local_std_frac_gt005,0.14703,0.08938,
A@native,14,flat_frac_norm,0.60600,0.17807,
A@native,14,n_components,113.28571,80.14067,
A@native,14,component_ink_frac,0.03135,0.01977,
A@native,14,n_components_fine,335.28571,296.50799,
A@native,14,median_component_area_frac,0.00004,0.00001,
A@native,14,colour_drift_TV,0.60185,0.20979,
A@native,14,pooled_hue_R,0.84370,,
A@native,14,hue_spread_deg,5.36835,,
A@native,14,pooled_hue_lobes,,,15deg:78%;345deg:9%;45deg:3%
A@native,14,hue_drift_deg,7.14623,4.41287,
A_demo@native,4,luma_mean,0.35815,0.20059,
A_demo@native,4,luma_median,0.35736,0.27237,
A_demo@native,4,black_lt006,0.23151,0.40913,
A_demo@native,4,highlight_gt075,0.14969,0.19930,
A_demo@native,4,sat_mean,0.44455,0.10273,
A_demo@native,4,sat_median,0.45851,0.15301,
A_demo@native,4,sat_mean_lit,0.32595,0.13686,
A_demo@native,4,frac_v_gt015,0.75525,0.41543,
A_demo@native,4,chromatic_frac,0.82371,0.12608,
A_demo@native,4,hue_R,0.81020,0.16719,
A_demo@native,4,hue_entropy_bits,4.78752,2.16404,
A_demo@native,4,signal_pm25_frac,0.19471,0.29944,
A_demo@native,4,distinct_5bit,2267.25000,1249.98010,
A_demo@native,4,top1_share,0.19018,0.22061,
A_demo@native,4,top6_share,0.40345,0.30921,
A_demo@native,4,n_hue_lobes_chromatic10,2.00000,0.81650,
A_demo@native,4,n_hue_families_area2,3.75000,2.21736,
A_demo@native,4,sat_mean_chromatic,0.49046,0.09981,
A_demo@native,4,in_palette_frac,0.48037,0.33490,
A_demo@native,4,palette_min_dist_mean,0.15996,0.06884,
A_demo@native,4,edge_mean,0.02373,0.00235,
A_demo@native,4,edge_frac_gt005,0.11130,0.01962,
A_demo@native,4,edge_frac_gt010,0.07364,0.01626,
A_demo@native,4,empty_frac,0.31602,0.32063,
A_demo@native,4,edge_mean_norm,0.01627,0.00169,
A_demo@native,4,edge_frac_norm_gt010,0.04376,0.01611,
A_demo@native,4,local_std_frac_gt005,0.14610,0.01323,
A_demo@native,4,flat_frac_norm,0.65377,0.03923,
A_demo@native,4,n_components,74.75000,13.04799,
A_demo@native,4,component_ink_frac,0.04148,0.01656,
A_demo@native,4,n_components_fine,150.75000,48.34856,
A_demo@native,4,median_component_area_frac,0.00007,0.00003,
A_demo@native,4,colour_drift_TV,0.91906,0.04815,
A_demo@native,4,pooled_hue_R,0.73225,,
A_demo@native,4,hue_spread_deg,34.65202,,
A_demo@native,4,pooled_hue_lobes,,,255deg:63%;15deg:15%;285deg:9%
A_demo@native,4,hue_drift_deg,61.91367,34.98524,
B@native,19,luma_mean,0.05442,0.03404,
B@native,19,luma_median,0.03825,0.03278,
B@native,19,black_lt006,0.68770,0.32298,
B@native,19,highlight_gt075,0.00312,0.00301,
B@native,19,sat_mean,0.50076,0.19088,
B@native,19,sat_median,0.48727,0.21528,
B@native,19,sat_mean_lit,0.27959,0.09264,
B@native,19,frac_v_gt015,0.07216,0.06706,
B@native,19,chromatic_frac,0.11858,0.10376,
B@native,19,hue_R,0.83205,0.15789,
B@native,19,hue_entropy_bits,4.60076,1.47608,
B@native,19,signal_pm25_frac,0.28078,0.36435,
B@native,19,distinct_5bit,2014.10526,1858.52076,
B@native,19,top1_share,0.43705,0.22963,
B@native,19,top6_share,0.84997,0.12469,
B@native,19,n_hue_lobes_chromatic10,2.26316,1.19453,
B@native,19,n_hue_families_area2,1.21053,1.13426,
B@native,19,sat_mean_chromatic,0.41134,0.06393,
B@native,19,in_palette_frac,0.97123,0.03002,
B@native,19,palette_min_dist_mean,0.04683,0.01260,
B@native,19,edge_mean,0.00707,0.00446,
B@native,19,edge_frac_gt005,0.03607,0.02565,
B@native,19,edge_frac_gt010,0.01555,0.00697,
B@native,19,empty_frac,0.67526,0.16707,
B@native,19,edge_mean_norm,0.01006,0.00576,
B@native,19,edge_frac_norm_gt010,0.02274,0.01071,
B@native,19,local_std_frac_gt005,0.08475,0.06102,
B@native,19,flat_frac_norm,0.78041,0.16800,
B@native,19,n_components,96.05263,69.25033,
B@native,19,component_ink_frac,0.01619,0.00739,
B@native,19,n_components_fine,442.05263,425.85998,
B@native,19,median_component_area_frac,0.00003,0.00001,
B@native,19,colour_drift_TV,0.54308,0.29751,
B@native,19,pooled_hue_R,0.41298,,
B@native,19,hue_spread_deg,68.83596,,
B@native,19,pooled_hue_lobes,,,225deg:31%;15deg:29%;285deg:13%
B@native,19,hue_drift_deg,36.10636,38.89063,
B_stills@native,125,luma_mean,0.09052,0.08802,
B_stills@native,125,luma_median,0.06452,0.07721,
B_stills@native,125,black_lt006,0.62235,0.33604,
B_stills@native,125,highlight_gt075,0.00629,0.01047,
B_stills@native,125,sat_mean,0.40231,0.15623,
B_stills@native,125,sat_median,0.39816,0.17441,
B_stills@native,125,sat_mean_lit,0.27762,0.11773,
B_stills@native,125,frac_v_gt015,0.23296,0.32892,
B_stills@native,125,chromatic_frac,0.16344,0.13348,
B_stills@native,125,hue_R,0.76266,0.21499,
B_stills@native,125,hue_entropy_bits,5.23288,1.77529,
B_stills@native,125,signal_pm25_frac,0.28624,0.33894,
B_stills@native,125,distinct_5bit,3703.37600,4061.67045,
B_stills@native,125,top1_share,0.39715,0.19215,
B_stills@native,125,top6_share,0.79733,0.16080,
B_stills@native,125,n_hue_lobes_chromatic10,2.30400,0.84457,
B_stills@native,125,n_hue_families_area2,1.75200,1.55883,
B_stills@native,125,sat_mean_chromatic,0.39875,0.07879,
B_stills@native,125,in_palette_frac,0.89945,0.18080,
B_stills@native,125,palette_min_dist_mean,0.06250,0.04003,
B_stills@native,125,edge_mean,0.00893,0.00717,
B_stills@native,125,edge_frac_gt005,0.05133,0.05369,
B_stills@native,125,edge_frac_gt010,0.01948,0.02206,
B_stills@native,125,empty_frac,0.62727,0.18052,
B_stills@native,125,edge_mean_norm,0.01130,0.00578,
B_stills@native,125,edge_frac_norm_gt010,0.02138,0.01250,
B_stills@native,125,local_std_frac_gt005,0.10275,0.06830,
B_stills@native,125,flat_frac_norm,0.72423,0.17223,
B_stills@native,125,n_components,97.20800,81.02900,
B_stills@native,125,component_ink_frac,0.01469,0.00953,
B_stills@native,125,n_components_fine,376.39200,321.41040,
B_stills@native,125,median_component_area_frac,0.00003,0.00001,
B_stills@native,125,colour_drift_TV,0.33761,0.33940,
B_stills@native,125,pooled_hue_R,0.49921,,
B_stills@native,125,hue_spread_deg,56.44949,,
B_stills@native,125,pooled_hue_lobes,,,255deg:33%;15deg:19%;285deg:12%
B_stills@native,125,hue_drift_deg,23.44124,36.92375,
